target_genesymbol,source_genesymbol,sign
CEBPA,USF1,1
CYP7A1,HNF4A,-1
RB1,SP1,1
COL1A2,SP1,1
FOS,SRF,1
FOS,CREB1,1
MIP,SP1,1
ADA,SP1,1
TPI1,SP1,1
JUN,MEF2A,1
DHFR,E2F1,1
FABP6,NR1H4,1
IL12B,NFKB1,1
IL2,NFKB1,1
IL2,POU2F1,1
IL5,GATA3,1
PCNA,RFX1,-1
PLAT,CREB1,-1
ADH1B,CEBPA,1
HIST1H2AK,E2F1,1
TYR,MITF,1
ADM,CEBPB,1
STAR,CEBPB,1
C1R,CTCF,1
CD80,CTCF,1
COL27A1,CTCF,1
DMKN,CTCF,1
NBN,CTCF,1
BRCA1,E2F1,1
BRCA1,E2F4,-1
BRCA1,E2F6,-1
FCER2,EGR1,-1
HYAL1,EGR1,1
ETS1,ETV4,1
CREM,FOS,1
FOS,CREM,-1
STAR,FOS,1
BRCA1,FOSL2,1
CDH1,FOXA2,1
CTSH,GATA2,1
EPO,GATA2,-1
GATA1,GATA2,1
NOS3,GATA2,1
SGK1,GATA2,-1
TNFAIP8L1,GATA2,1
CEACAM1,IRF1,1
FCER2,IRF4,1
BRCA1,JUN,1
CREM,JUN,1
EDN1,JUN,1
SPI1,JUN,1
MYB,JUND,1
BRCA1,MYC,1
CXCR4,MYC,1
MST1,MYC,-1
THBS1,MYC,-1
BCL2A1,NFKB1,1
CCR7,NFKB1,1
COL1A2,NFKB1,-1
CSF2,NFKB1,1
EBI3,NFKB1,1
GATA3,NFKB1,1
IL1RN,NFKB1,1
PTHLH,NFKB1,1
TBX21,NFKB1,1
TFPI2,NFKB1,1
CD19,PAX5,1
CD79A,PAX5,1
APP,SP1,1
COL1A1,SP1,-1
CYP1B1,SP1,1
HIST1H4A,SP1,1
KRT16,SP1,1
KRT19,SP1,1
KRT5,SP1,1
PIM1,SP1,1
PTHLH,SP1,1
SPN,SP1,1
STAR,SP1,1
CXCR1,SPI1,1
IL1B,SPI1,1
ITGAX,SPI1,-1
EDN1,STAT1,1
IRF8,STAT1,1
CD34,TAL1,-1
BCL2,TFAP2A,-1
HOXA4,TFAP2A,-1
CEACAM1,USF1,1
CEACAM5,USF1,1
CEACAM1,USF2,1
CEACAM5,USF2,1
CXCR4,USF2,1
CALD1,NR3C1,1
TOP3A,USF1,1
NUP188,USF1,1
RARA,ESR1,1
GREB1,ESR1,1
NAB2,EGR1,1
GLRA1,REST,1
GRIN1,REST,-1
OPRM1,REST,-1
TUBB3,REST,-1
LIN28A,REST,-1
NCF2,SPI1,1
CD68,SPI1,-1
CTSS,SPI1,1
GCLC,SP1,1
SP1,SP1,1
UNG,SP1,1
ACTB,SRF,1
FOSL1,SRF,1
APC,USF1,1
SPI1,RUNX1,1
TP53,YY1,1
CDK5RAP2,YY1,1
PSMD8,YY1,-1
NARS,YY1,1
ZNF175,YY1,1
TTC17,YY1,-1
COQ9,YY1,1
ATP13A1,YY1,-1
ZNF615,YY1,1
PTP4A1,EGR1,1
NANOG,POU5F1,1
POU5F1,NANOG,1
CDX2,NANOG,-1
BDNF,REST,-1
CARTPT,REST,-1
TAGLN,SRF,1
APOB,FOXA1,1
APOA1,FOXA2,1
APOA1,HNF4A,1
APOC3,HNF4A,1
G6PC,HNF4A,1
APOB,HNF4A,1
APOA4,HNF4A,1
CYP27A1,HNF4A,1
PCK1,HNF4A,1
HNF4A,SP1,1
PCK1,SP1,1
RBBP4,E2F6,-1
EGR1,SP1,1
EGR1,ETS1,1
LYL1,GATA2,1
PPP1R15A,GATA2,1
FOXO3,GATA2,1
ODC1,MAX,1
NCBP3,CTCF,1
PPARD,CTCF,1
ARL2,CTCF,-1
PMPCB,CTCF,1
LRRC59,CTCF,1
HS1BP3,CTCF,1
ABCA2,CTCF,1
HSPB1,ESR1,1
KRT19,ESR1,1
TSFM,CTCF,1
AHCYL1,CTCF,1
DIP2B,CTCF,1
ANKRD46,CTCF,1
ZNHIT2,CTCF,-1
MB,CTCF,1
TYSND1,CTCF,1
PLXNB3,CTCF,1
CEP135,CTCF,1
NME1,MYC,1
HNRNPA1,MYC,1
CCT5,MYC,1
RPS15A,MYC,1
ENO1,MYC,1
APEX1,MYC,1
HSPD1,MYC,1
HSPE1,MYC,1
ODC1,MYC,1
FASN,MYC,1
DDX5,MYC,1
METTL1,MYC,1
NCL,MYC,1
AIMP2,MYC,1
NOP56,MYC,1
NOL7,MYC,1
NPM1,MYC,1
HSPA9,MYC,1
GNL3,MYC,1
POLE3,MYC,1
RPP30,CTCF,1
GPR156,CTCF,-1
PRSS35,CTCF,1
BCL6,CTCF,-1
SRM,MYC,1
RPL13,MYC,1
RPL32,MYC,1
CSDE1,MYC,-1
NME2,MYC,1
SRSF1,MYC,1
EIF4B,MYC,1
LPIN3,CTCF,1
TP53,NFKB1,1
TNF,NFKB1,1
CFLAR,NFKB1,1
BIRC3,NFKB1,1
B2M,NFKB1,1
TRAF1,NFKB1,1
TNFAIP3,NFKB1,1
NFKBIA,NFKB1,1
NFKB1,NFKBIA,-1
FOS,SP1,1
TMBIM6,CTCF,1
EPHB1,CTCF,1
CD80,NFKB1,1
CD86,NFKB1,1
FXR2,NRF1,1
FUS,TBP,-1
PMF1,TBP,1
ICAM1,NFKB1,1
CD83,NFKB1,1
CD40,NFKB1,1
IRF1,NFKB1,1
JUNB,NFKB1,1
CCL3,NFKB1,1
CCND1,TCF4,1
CLU,FOS,-1
LDHA,MYC,1
FANCA,E2F1,1
CDKN2C,E2F1,1
DUSP1,E2F1,1
SKP2,E2F1,1
DTL,E2F1,1
E2F1,E2F7,-1
PCLAF,E2F4,-1
RAD51,E2F4,-1
CDK1,E2F4,1
CDC25A,E2F4,1
TK1,E2F4,1
PLK1,E2F4,-1
ASF1B,E2F4,1
FOS,ELK4,1
RB1,E2F1,1
UHRF1,E2F1,1
TYMS,E2F1,1
CCND3,E2F1,1
RRM2,E2F1,1
E2F1,NR4A1,1
MYBL2,E2F1,1
MAP3K5,E2F1,1
DBF4,E2F1,1
RRP1B,E2F1,1
POLA1,E2F1,1
CDCA4,E2F1,1
ASF1B,E2F1,1
CDT1,E2F1,1
ICAM1,STAT1,1
TAP1,STAT1,1
MUC1,STAT1,1
HDAC7,STAT1,1
KIF2A,STAT1,1
BCL6,STAT1,1
CDC7,STAT1,-1
GSTK1,STAT1,1
EDEM2,STAT1,1
IRF1,STAT1,1
PML,STAT1,1
STAT1,STAT3,1
SOCS3,STAT1,1
WARS,STAT1,1
AIM2,STAT1,1
STAT2,STAT1,1
MED16,STAT1,1
IRF9,STAT1,1
STAT1,STAT1,1
ZC3HAV1,STAT1,1
UBR1,STAT1,1
BCL6,STAT3,1
NNMT,STAT3,1
CSF3R,CEBPB,1
F10,HNF4A,1
HSPA6,HSF1,1
LDLR,SREBF1,1
HMGCR,SREBF1,1
ACLY,SREBF1,1
HMGCS1,SREBF1,1
FDPS,SREBF1,1
SQLE,SREBF1,1
FASN,SREBF1,1
FDFT1,SREBF1,1
SCD,SREBF1,1
ACACA,SREBF1,1
LDLR,SREBF2,1
HMGCR,SREBF2,1
SQLE,SREBF2,1
FDFT1,SREBF2,1
SREBF2,SREBF2,1
STARD4,SREBF2,1
PCSK9,SREBF2,1
MMP1,FOS,1
CCL2,JUN,1
VWA5A,GATA2,1
MYC,GATA2,1
SERF2,MAX,1
FBXO5,E2F4,1
CDC6,E2F4,1
POLD1,E2F4,1
MCM7,E2F4,1
CDT1,E2F4,1
CDCA7,E2F4,1
CCDC43,YY1,1
JUN,JUN,1
ATF3,JUN,1
VIM,JUN,1
DDIT3,JUN,1
DDIT3,JUN,1
CDK4,MYC,1
RPL23,MYC,1
RPL22,MYC,1
RPL27,MYC,1
CAD,MYC,1
RPL10,MYC,1
PPAT,MYC,1
TAP1,IRF1,1
PSMB9,IRF1,1
ADAR,STAT1,1
IFI6,STAT1,1
IFITM1,STAT1,1
ISG15,STAT1,1
LAP3,STAT1,1
IFITM3,STAT1,1
OAS1,STAT1,1
MX1,STAT1,1
IFIT1,STAT1,1
NMI,STAT1,1
CSF1,STAT1,1
SBNO2,STAT1,1
CLIC2,STAT1,1
IRF1,STAT2,1
IFIT3,STAT2,1
SAA1,STAT3,1
MUC1,STAT3,1
BIRC3,STAT3,1
CHI3L1,STAT3,1
CFB,STAT3,1
ETV6,STAT3,1
JUNB,STAT3,1
MYC,STAT3,1
ZFP36,STAT3,1
SOCS3,STAT3,1
IRF1,STAT3,1
FOS,STAT3,1
CDK1,E2F1,1
MRPL46,YY1,1
COQ5,YY1,1
HEMGN,GATA1,-1
B4GALNT1,CTCF,1
APP,CTCF,1
MYC,CTCF,-1
MRPL17,CTCF,1
ACTA1,SRF,1
ACTC1,SRF,1
ACTA1,SP1,1
LEP,SP1,1
UGT1A6,SP1,1
ACTC1,SP1,1
HSPA1A,SP1,1
DBH,SP1,1
IL10,SP1,1
SLC2A4,MEF2A,1
HMOX1,USF1,1
ACHE,EGR1,1
MIP,TFAP2A,1
MYB,E2F1,1
E2F1,MYC,1
MYC,E2F1,1
CCNE1,E2F1,1
E2F1,E2F1,1
G6PC,HNF1A,1
IGF1,HNF1A,1
UGT1A6,HNF1A,1
ALB,HNF1A,1
CKM,TP53,1
MMP13,ETS1,1
ACHE,TFAP2A,-1
ACTC1,MYOD1,1
IL3,RUNX1,-1
MMP13,JUN,1
CSF2,JUN,1
SERPINE1,HIF1A,1
RARB,RARA,1
PRL,POU1F1,1
TXN,NFE2L2,1
HMOX1,BACH1,-1
AGTR1,SP1,1
TP73,E2F1,1
CTNNBIP1,E2F1,1
TNFRSF18,CTCF,-1
CDK11A,ETS1,1
ECE1,ETS1,1
VEGFA,HIF1A,1
ENO1,HIF1A,1
SLC2A1,HIF1A,1
CA9,HIF1A,1
EPO,ARNT,1
SHBG,HNF4A,1
AFP,HNF4A,1
CYP8B1,HNF4A,1
CYP3A4,HNF4A,1
CYP2C9,HNF4A,1
SERPINC1,HNF4A,1
CYP2D6,HNF4A,1
F2,HNF4A,1
AKR1C4,HNF4A,1
ADA,CDX1,1
CYP17A1,GATA6,1
CYP17A1,NFIC,1
TFAP2A,NFIC,1
PENK,TFAP2A,1
S100B,TFAP2A,1
TFAP2A,TFAP2A,1
ADA,GATA4,1
CYP17A1,GATA4,1
SERPINA3,NFKB1,-1
CCL2,NFKB1,1
PENK,TFAP4,1
CDKN1A,NFIA,-1
ADA,PDX1,1
TFAP2A,POU2F1,1
LALBA,MAF,1
CYP17A1,SP3,1
SCGB2A1,SP3,1
ADA,YY1,1
VEGFA,SP1,1
MACROD1,SP1,1
EGFR,SP1,-1
ALDOA,SP1,1
PROC,HNF1A,-1
SLC2A2,HNF1A,1
CYP7A1,HNF1A,1
AKR1C4,HNF1A,1
CTSG,SPI1,1
BCL6,SPI1,-1
MMP9,NFKB1,1
MMP9,JUN,1
UGDH,SP1,1
PROC,SP1,1
SP3,SP1,1
CYP7A1,FOXM1,1
PROC,NFIC,1
TNFRSF10B,TP53,1
TNFRSF10B,DDIT3,1
IL10,STAT1,1
WRN,MYC,1
PRDX3,MYC,1
SP3,NFYA,1
ACTB,NFYA,1
DCC,TP53,1
SERTAD1,TP53,1
BAX,TP53,1
RRM1,TP53,1
PKP3,ZEB1,-1
CYP3A4,HNF1A,1
CDH1,ZEB2,-1
FASLG,CEBPB,1
IL10,IRF1,1
IL10,STAT3,1
ACTA1,FOS,1
ACTA1,JUN,1
ACTB,NFYB,1
SNAI1,SNAI1,1
TOP3A,YY1,1
VIP,STAT1,1
IRF2,STAT1,1
CXCL10,STAT1,1
FOS,STAT1,1
ISG20,STAT1,1
NOS2,STAT1,1
CCL2,STAT1,1
CD40,STAT1,1
CD86,STAT1,1
IL6ST,STAT1,1
CIITA,STAT1,1
FCGR1A,STAT1,1
IDO1,STAT1,1
MVP,STAT1,1
EIF2AK2,STAT1,1
VEGFA,EPAS1,1
SERPINE1,EPAS1,1
CA9,EPAS1,1
EPHA2,TP53,1
SLC2A1,TP53,-1
ATF3,TP53,1
S100B,TP53,-1
PLAUR,JUN,1
CD68,IRF4,-1
CD68,IRF8,-1
CD40,SPI1,1
ITGAM,SPI1,1
CSF3R,SPI1,1
RNASE2,SPI1,1
CYBB,SPI1,1
TLR4,SPI1,1
ITGB2,SPI1,1
FCGR1A,SPI1,1
PLAUR,SP1,1
VIM,SP1,1
ATP1A3,SP1,1
PLAUR,NFKB1,1
VIM,NFKB1,1
CRH,ESR1,-1
OXT,ESR1,-1
MITF,SOX10,1
RET,SOX10,1
LCT,CDX2,1
LCT,POU2F1,1
VIP,STAT3,1
PTN,HOXA5,1
PGR,HOXA5,1
SERPINE1,SMAD2,1
SMAD7,SMAD2,1
RARB,RARB,1
SOCS1,STAT6,1
OSM,STAT5B,1
PTEN,NR2E1,-1
IGFBP1,FOXO4,1
RBL2,FOXO4,1
BCL2L11,FOXO4,1
BCL6,FOXO4,1
APOA1,NR2F2,-1
SOD2,FOXO3,1
TNFSF10,FOXO3,1
BCL2L11,FOXO3,1
WT1,PAX8,1
FOXM1,MYC,1
MYC,FOXM1,1
CDH1,TWIST1,-1
SIRT1,HIC1,-1
ACKR3,HIC1,-1
AKR1C4,HNF4G,1
CYP1A1,AHR,1
CYP1B1,AHR,1
KLK3,AR,1
CDC6,AR,1
CDH2,AR,1
DBI,AR,1
DHX15,AR,1
EGFR,AR,1
FKBP5,AR,1
AR,FOXO3,1
IGF1R,AR,1
AR,JUN,-1
JUN,AR,1
NFKB1,AR,-1
AR,NFKB1,-1
SERPINB5,AR,-1
PRKCD,AR,1
SNAI2,AR,1
SMS,AR,1
TMPRSS2,AR,1
AR,NCOR1,1
AR,NCOR2,1
NCOA2,AR,-1
AR,NCOA2,-1
AR,LEF1,1
KIAA1217,AR,-1
PMEPA1,AR,1
CYP1B1,ARNT,1
PCSK6,ASCL1,-1
MUC5AC,ZFHX3,-1
TGFB2,ATF1,1
ASNS,ATF3,1
LDLR,ATF3,-1
CEBPB,ATF4,1
BIRC5,KLF5,1
ESR1,RUNX2,-1
IBSP,RUNX2,1
MUC2,CDX2,1
UGT1A10,CDX2,1
UGT1A8,CDX2,1
F9,CEBPA,1
HP,CEBPA,1
IGF2,CEBPA,1
S100A9,CEBPA,1
SPP1,CEBPA,1
STAR,CEBPA,1
CRP,CEBPB,1
CYP19A1,CEBPB,-1
GFER,CEBPB,-1
CXCL8,CEBPB,1
PTGS2,CEBPB,1
S100A9,CEBPB,1
SLC19A1,CEBPB,1
TNFAIP6,CEBPB,1
MMP9,KLF6,-1
NOS2,KLF6,1
BCL2,CREB1,1
IFNG,CREB1,1
IL10,CREB1,1
MUC5AC,CREB1,1
PCSK1,CREB1,1
UXT,CREB1,1
NOLC1,CREB1,1
ATF3,ATF2,1
IFNG,ATF2,1
NOS3,ATF2,-1
CD247,CREM,-1
IL2,CREM,-1
ECT2,CUX1,-1
ECT2,CUX1,-1
RACGAP1,CUX1,-1
RACGAP1,CUX1,-1
ASNS,DDIT3,-1
ASNS,DDIT3,-1
TNFRSF10B,DDIT3,1
APAF1,E2F1,1
AR,E2F1,-1
BCL2,E2F1,1
ECT2,E2F1,1
FGFR1,E2F1,1
HSPA5,E2F1,-1
MT1G,E2F1,1
MYCN,E2F1,1
RAD51,E2F1,1
TP53BP2,E2F1,1
TNFSF11,E2F1,1
DIRAS3,E2F1,-1
KIF23,E2F1,1
RACGAP1,E2F1,1
MAP3K5,E2F2,1
MYCN,E2F2,1
CDKN2A,E2F3,1
CDKN2A,E2F3,1
E2F1,E2F3,1
MAP3K5,E2F3,1
MYCN,E2F3,1
E2F1,E2F4,-1
MCM5,E2F4,1
MAP3K5,E2F4,1
TTK,E2F4,-1
P4HA2,E2F4,-1
DIRAS3,E2F4,-1
TOPBP1,E2F4,-1
CDCA4,E2F4,1
CCNA2,E4F1,-1
ALOX5,EGR1,1
ATF3,EGR1,1
CCND1,EGR1,1
CD19,EGR1,1
CDKN1A,EGR1,1
F3,EGR1,1
FN1,EGR1,1
HIF1A,EGR1,1
IGF2,EGR1,1
LDLR,EGR1,1
MYB,EGR1,-1
SLC9A3,EGR1,1
TBXA2R,EGR1,1
VEGFA,EGR1,1
WNT4,EGR1,-1
EAPP,EGR1,1
VCP,ELF2,1
UTRN,EN1,-1
ZFHX3,ESR1,1
CCND1,ESR1,1
BCL2,ESR1,1
CYP1A1,ESR1,-1
CYP2C19,ESR1,-1
KDR,ESR1,1
NRF1,ESR1,1
ESR1,PGR,1
PMAIP1,ESR1,1
TERT,ESR1,1
ESR1,TFAP2C,1
TFF1,ESR1,1
TGFA,ESR1,1
VEGFA,ESR1,1
BTG2,ESR1,-1
FOXP1,ESR1,1
CD24,ESR1,-1
CYP19A1,ESRRA,1
ANGPT2,ETS1,1
BAX,ETS1,-1
CHUK,ETS1,1
MYB,ETS1,1
TBXA2R,ETS1,1
VWF,ETS1,1
AGTR1,ETV4,1
GH2,FOXF1,1
IGFBP1,FOXO1,1
PRL,FOXO1,1
BCL6,FOXO3,1
CCNG2,FOXO3,1
TXNIP,FOXO3,1
FBXO32,FOXO3,1
PTGS2,FOS,1
UGT2B15,FOSL2,1
CYP11B1,NR5A2,1
CYP19A1,NR5A1,1
MC2R,NR5A1,1
TOMM70,GABPA,1
CYBB,GATA1,1
EPO,GATA1,1
HBG1,GATA1,-1
TBXA2R,GATA1,1
WT1,GATA1,1
GFI1B,GATA1,1
AGGF1,GATA1,1
ADH1A,GATA2,1
CYBB,GATA2,-1
PPARG,GATA2,-1
WT1,GATA2,1
CD8A,GATA3,1
CD40LG,GATA3,1
EPO,GATA3,-1
PPARG,GATA3,-1
TEK,GATA3,1
ERBB2,GATA4,-1
IL5,GATA4,1
NOS3,GATA4,1
BAX,GFI1,-1
ATP1B1,NR3C1,-1
BGLAP,NR3C1,-1
ALAS2,HIF1A,1
ALDOA,HIF1A,1
GAPDH,HIF1A,1
LDHA,HIF1A,1
MET,HIF1A,1
MIF,HIF1A,1
PGK1,HIF1A,1
HSP90B1,HIF1A,1
BCL2,FOXA1,-1
HSPA1A,FOXA1,1
UGT2B17,FOXA1,1
FOXA2,CEBPA,1
CYP2C8,HNF4A,1
FABP2,HNF4A,1
GFER,HNF4A,-1
GH1,HNF4A,-1
RNASE2,HNF4A,1
NR1I2,HNF4A,1
C1QTNF5,HNF4A,1
HOXA10,HOXA11,-1
ASCL1,HES1,-1
PTGDS,HES1,-1
HSPA4,HSF1,1
BAG3,HSF1,-1
HSPA4,HSF2,1
CYBB,IRF8,1
PTEN,RBPJ,-1
GCK,PDX1,1
PDX1,PDX1,1
CYBB,IRF1,1
CCND1,JUN,1
NQO1,JUN,-1
IFNG,JUN,1
IL2,JUN,-1
CXCL8,JUN,1
ITGAX,JUN,1
MMP1,JUN,1
PGR,JUN,-1
PPARD,JUN,1
PTGS2,JUN,1
TP53,JUN,-1
UGT2B15,JUN,1
VEGFA,JUN,-1
EZR,JUN,1
PTGS2,JUNB,1
GADD45A,JUND,1
BGLAP,SMAD3,1
SMAD7,SMAD3,1
SERPINE1,SMAD3,1
BGLAP,SMAD4,1
SMAD7,SMAD4,1
ITGB7,MAF,1
MMP13,MAF,1
BIRC7,MITF,1
ATP1B1,NR3C2,-1
LMO2,MYB,1
CCNA1,MYB,1
KLF1,MYB,1
ALDH9A1,MYC,-1
BCL2,MYC,1
ZFP36L1,MYC,-1
CCNB1,MYC,1
CDC25C,MYC,1
CDKN1A,MYC,-1
CEBPA,MYC,-1
MYC,CEBPA,-1
RCC1,MYC,1
GADD45A,MYC,-1
EIF4E,MYC,1
GTF2H2,MYC,-1
H2AFZ,MYC,1
HMGN2,MYC,1
HNRNPA2B1,MYC,1
HSPA8,MYC,1
HSP90AA2P,MYC,1
MYC,JUN,-1
JUNB,MYC,-1
LTA4H,MYC,1
MYC,SMAD7,1
MGST1,MYC,1
MSN,MYC,-1
MTHFD1,MYC,1
MYC,MYBL2,1
MYC,MYC,-1
NAP1L1,MYC,1
PHB,MYC,1
SLC25A3,MYC,1
PPID,MYC,1
PTPA,MYC,-1
RARB,MYC,-1
RFC2,MYC,1
RPL3,MYC,1
RPL19,MYC,1
RPL26,MYC,1
RPS16,MYC,1
RPS19,MYC,1
SMN1,MYC,1
SNRPB,MYC,1
TERT,MYC,1
TFRC,MYC,1
TYMS,MYC,1
MYC,WT1,-1
UXT,MYC,1
YBX3,MYC,1
PSMG1,MYC,1
EIF3C,MYC,1
DDX18,MYC,1
NUP155,MYC,1
THRAP3,MYC,1
DLEU1,MYC,-1
UBE2C,MYC,1
CBX3,MYC,1
EXOSC8,MYC,1
MYC,HBP1,-1
BRD7,MYC,-1
DPY30,MYC,1
CTSD,MYCN,1
MCM2,MYCN,1
MCM3,MYCN,1
MCM4,MYCN,1
MCM5,MYCN,1
MCM6,MYCN,1
MCM7,MYCN,1
TP53,MYCN,1
NES,MYCN,1
MCM8,MYCN,1
ICAM1,NFATC1,1
IL1B,NFIL3,-1
BRCA2,NFKB1,1
CD40LG,NFKB1,1
CRP,NFKB1,1
EGFR,NFKB1,1
IFNG,NFKB1,1
CXCL8,NFKB1,1
IRF7,NFKB1,1
NOS3,NFKB1,1
CCL11,NFKB1,1
SELE,NFKB1,1
VCAM1,NFKB1,1
IL17C,NFKB1,1
FMR1,NRF1,1
AGT,YBX1,1
EGFR,YBX1,1
MMP13,YBX1,-1
RBP3,OTX2,1
PRDM1,PAX5,-1
XBP1,PAX5,-1
BCL2,PGR,1
ABCC6,PLAG1,1
ABCC6,PLAGL1,1
HBG1,POU2F1,-1
PTGIR,POU2F1,1
UGT2B7,POU2F1,1
VCAM1,POU2F1,-1
VWF,POU2F1,1
CCND1,POU4F2,1
CYP1A1,PPARA,1
SAT1,PPARD,1
BCL2,PPARG,1
SAT1,PPARG,1
TP53,PPARG,1
AR,PURA,-1
CXCR5,RARA,1
HSD17B2,RARA,1
NR1I3,RARA,1
EPHB2,REL,-1
CCL2,REL,1
SELE,REL,1
BIRC3,RELA,1
CCND1,RELA,1
BCL2A1,RELA,1
BRCA2,RELA,1
COL1A2,RELA,-1
F3,RELA,1
ICAM1,RELA,1
IFNG,RELA,1
IL1B,RELA,1
CXCL8,RELA,1
IRF7,RELA,1
MAT2A,RELA,1
NOS3,RELA,1
PLAU,RELA,1
CCL2,RELA,1
CCL11,RELA,1
SELE,RELA,1
VCAM1,RELA,1
SIRT1,RELA,1
IL17C,RELA,1
COL1A2,RFX1,1
COL1A2,RFX5,-1
NR1D1,RORA,1
KLK3,RREB1,-1
CXCR5,RXRA,1
HSD17B2,RXRA,1
NOL7,RXRA,1
CDH1,SNAI1,-1
ALOX5,SP1,1
KLK3,SP1,1
FASLG,SP1,1
ATP2A2,SP1,1
CCND1,SP1,1
BCL2,SP1,1
BLMH,SP1,1
BSG,SP1,1
CA9,SP1,1
CD97,SP1,1
CD151,SP1,1
CDKN1A,SP1,1
CDKN1B,SP1,1
CDKN2A,SP1,1
CDKN2A,SP1,1
CDKN2B,SP1,1
CTSD,SP1,1
CTSL,SP1,1
SP1,E2F1,1
F10,SP1,1
FMR1,SP1,1
GAST,SP1,1
GFER,SP1,1
HPR,SP1,1
HSD3B1,SP1,1
HSD17B2,SP1,1
IGF2,SP1,1
ITGA5,SP1,1
IVL,SP1,1
KDR,SP1,-1
LDLR,SP1,1
LHCGR,SP1,1
LRP5,SP1,1
LTC4S,SP1,1
MAOB,SP1,1
CD99,SP1,1
MIF,SP1,1
MMP2,SP1,1
MPO,SP1,1
MUC2,SP1,1
NOS3,SP1,1
OPRM1,SP1,1
SERPINE1,SP1,1
PGR,SP1,1
ABCB1,SP1,1
PTGIR,SP1,1
RARA,SP1,1
CXCL5,SP1,1
SKP2,SP1,1
SLC19A1,SP1,1
SMPD1,SP1,1
SOD1,SP1,1
VAMP2,SP1,1
ADAM17,SP1,1
TAF7,SP1,1
TBXA2R,SP1,1
TERT,SP1,1
THBD,SP1,1
TIMP1,SP1,1
TNF,SP1,1
EZR,SP1,1
IRS2,SP1,1
ABCC3,SP1,1
BRD7,SP1,1
PADI1,SP1,1
UGT1A4,SP1,1
EAPP,SP1,1
MMP9,SP2,-1
ALPL,SP3,1
KLK3,SP3,1
CD97,SP3,1
CDKN1A,SP3,1
CTSL,SP3,1
HSD17B2,SP3,1
KDR,SP3,1
LCAT,SP3,1
LTC4S,SP3,1
MAOB,SP3,-1
NOS3,SP3,1
OPRM1,SP3,1
TFF1,SP3,1
PADI1,SP3,1
NOX4,SP3,1
EAPP,SP3,-1
KDR,SP4,1
IFIT3,SPI1,1
PTGIR,SPI1,1
PARG,SPI1,-1
CETP,SREBF1,1
LRP1,SREBF1,-1
LRP1,SREBF2,-1
MTTP,SREBF2,-1
PON1,SREBF2,1
ACOT7,SREBF2,1
NPC1L1,SREBF2,1
FCGRT,STAT1,-1
NR1H4,STAT1,-1
BIRC5,STAT3,1
CRP,STAT3,1
VEGFA,STAT3,1
KLF11,STAT3,1
IGF1,STAT5A,1
IGF1,STAT5B,1
CCL17,STAT6,1
IGFBP1,HNF1A,1
PDX1,HNF1A,1
MTTP,HNF1A,1
UGT2B7,HNF1A,1
UGT2B17,HNF1A,1
UGT1A10,HNF1A,1
UGT1A8,HNF1A,1
UGT1A9,HNF1A,1
SLC22A9,HNF1A,1
SLC22A10,HNF1A,1
MYC,TCF7L2,1
GLCE,TCF7L2,1
SPRR1B,ZEB1,1
MSLN,TEAD1,1
CDH1,TFAP2A,1
IGFBP5,TFAP2A,1
NME3,TFAP2A,1
TAF7,TFAP2A,1
VEGFA,TFAP2A,1
PTGDS,TFAP2B,1
TF,TFCP2,1
APOC3,NR2F1,-1
EPO,NR2F1,-1
CGA,THRB,-1
SFTPB,NKX2-1,1
BIRC5,TP53,-1
CASP1,TP53,1
CDK1,TP53,-1
CDKN1A,TP53,1
DUSP1,TP53,1
SFN,TP53,1
GSTP1,TP53,1
HNF4A,TP53,-1
IFI16,TP53,1
CD82,TP53,1
MDM2,TP53,1
MMP2,TP53,1
MUC2,TP53,1
TP53,MYC,1
MYC,TP53,-1
OGG1,TP53,1
PCNA,TP53,1
PDGFRB,TP53,1
RB1,TP53,-1
TP53,TP53,1
TNFRSF10A,TP53,1
GDF15,TP53,1
RASSF1,TP53,-1
BBC3,TP53,1
BBC3,TP53,1
AIFM2,TP53,1
CDKN1A,TP73,1
CYP3A4,USF1,1
HOXB4,USF1,1
P4HA1,USF1,1
PTGDS,USF1,1
S100A6,USF1,1
SLC22A2,USF1,1
TGFB2,USF1,1
SERBP1,USF1,1
HMOX1,USF2,1
HOXB4,USF2,1
P4HA1,USF2,1
TERT,USF2,1
TGFB2,USF2,1
CDKN1B,VDR,1
CYP3A4,VDR,1
CYP7A1,VDR,-1
EGFR,VDR,-1
IL10,VDR,-1
WT1,ETS1,1
ETS1,WT1,1
IGF1R,WT1,-1
IGF2,WT1,-1
WT1,MYB,1
MYB,WT1,-1
PDGFA,WT1,-1
TBXA2R,WT1,-1
CETP,YY1,1
FDPS,YY1,-1
HSD3B2,YY1,1
HSPA5,YY1,1
LDLR,YY1,-1
OPRM1,YY1,1
PRDM2,YY1,1
TERT,MZF1,-1
MMP3,ZNF148,1
ABCA1,ZNF202,-1
ALDOA,ZNF224,-1
INS,KLF11,1
CDKN1A,TP63,1
VDR,TP63,1
KLF4,TP63,-1
CYP3A4,NR1I2,1
TNF,LRRFIP1,-1
BIRC5,KLF4,-1
CCND1,KLF4,1
CDKN1A,KLF4,1
GPA33,KLF4,1
SYTL4,ONECUT2,-1
UGT1A1,NR1I3,1
UGT2B4,NR1H4,-1
ABCG1,NR1H3,1
MMP10,ZNF267,-1
TERT,CTCF,-1
CD2,TCFL5,-1
LRP5,KLF15,1
CCR4,FOXP3,1
IL2RA,FOXP3,1
FOXP3,SMAD3,1
FOXP3,NFATC2,1
ABCA3,SALL4,1
CDC25A,NANOG,-1
CDK6,NANOG,-1
PLAUR,FOXP2,1
CNTNAP2,FOXP2,-1
SP1,E2F7,-1
MACROD1,ESR1,1
IGFBP3,VDR,-1
OPRM1,STAT1,1
RB1,ATF2,1
ALDOB,HNF4A,1
INS,HNF1A,1
CTSG,CEBPE,1
CTSG,MYB,1
APOC3,USF1,1
APOA5,USF1,1
APOC3,CEBPA,1
APOA1,CEBPA,1
PTPA,CTCF,1
FBXO7,CTCF,1
HSPA5,CTCF,1
ETV7,STAT1,1
ACVR1C,CTCF,1
GAS7,CTCF,1
CIDEB,CTCF,1
IL19,CTCF,1
DLG1,YY1,1
ZNF655,STAT1,1
ZNF804B,CTCF,1
MRPS24,YY1,1
GPR146,GATA2,1
CREM,STAT1,1
POU1F1,CTCF,1
IRF7,STAT1,1
NFE2L2,CTCF,1
EP300,YY1,1
HEBP2,CTCF,1
MYD88,CTCF,1
RAB3GAP1,YY1,1
GRIN3A,CTCF,1
SNRNP27,STAT1,1
PPRC1,CTCF,1
CNIH1,CTCF,1
BRD8,STAT1,1
RNF26,YY1,1
IFI35,STAT1,1
ZNF613,CTCF,1
ATG4C,STAT1,1
FDPS,GATA2,1
NES,CTCF,1
HTR5A,GATA2,1
CCRL2,GATA2,1
ZNF20,CTCF,1
PSD4,GATA2,1
TSPAN16,CTCF,1
TRAPPC6A,CTCF,1
MAN1A1,STAT1,1
RNF40,YY1,1
ACTR5,YY1,1
ATXN10,YY1,1
GALNT6,CTCF,1
BICD2,CTCF,1
PLSCR2,GATA2,1
CCL16,CTCF,1
INO80,STAT1,1
ARRDC4,GATA2,1
VPS33B,STAT1,1
SMIM7,CTCF,1
FBXO5,STAT1,1
PAK4,YY1,1
PWP2,STAT1,1
ELP3,STAT1,1
AMOTL1,GATA2,1
HMCN1,CTCF,1
MTMR9,STAT1,1
HSF1,YY1,1
POMT2,CTCF,1
EARS2,STAT1,1
SLC2A13,E2F4,1
DDX50,STAT1,1
GALT,CTCF,1
CHRNA6,CTCF,1
MCM10,CTCF,1
CPSF2,YY1,1
WDR82,YY1,1
HMGB1,GATA2,1
DCLRE1C,STAT1,1
ICAM4,GATA2,1
RPL39L,CTCF,1
KSR1,CTCF,1
SMAD4,SP1,1
STK11,SP1,1
STK11,FOXO3,1
TUBA1B,RORA,1
RGR,SOX9,1
RELA,E2F1,1
MMP9,SP1,1
MMP9,RELA,1
HOXB9,E2F1,1
RNLS,STAT3,1
RNLS,ZNF148,1
RNLS,SP1,1
CD14,SPI1,1
FCER1A,SPI1,1
BCL2L11,FOXO1,1
CDKN2B,FOXO3,1
CDKN2B,FOXO1,1
CCND2,MYC,1
CCNE1,MYC,1
CDKN2B,MYC,-1
CCND1,STAT3,1
PAX6,POU5F1,-1
MYC,LEF1,1
MYBL2,TFDP1,1
FOS,ETS1,1
E2F1,HES1,-1
PMAIP1,TP53,1
IL4,NFATC2,1
SLC5A5,PAX8,1
HAMP,STAT3,1
PRF1,STAT4,1
S100A4,STAT4,1
G6PC,FOXO1,1
AKR1C3,AR,-1
NUPR1,ATF4,1
PCNA,TFDP1,1
TRIB3,DDIT3,1
DHFR,TFDP1,1
CDK1,TFDP1,1
FLI1,GATA1,1
GATA1,FLI1,1
NDRG1,TP53,1
FAS,TP53,1
FLI1,SPI1,1
GDF15,ATF3,1
B2M,USF1,1
B2M,USF2,1
SPI1,SPI1,1
SOCS1,IRF1,1
SOCS1,STAT1,1
KLK3,NFKB1,1
KLK3,FOXP1,-1
ARNTL,NR1D1,-1
BBC3,E2F1,1
CDC25A,E2F1,1
RRM1,E2F1,1
PPARG,E2F4,-1
LDLR,HNF4A,1
PCSK1,ATF1,1
RBL2,FOXO3,1
NPC1L1,HNF4A,1
PCSK9,HNF4A,1
HAMP,CEBPA,1
ABCB1,CEBPB,1
RHO,NRL,-1
TRIM63,FOXO1,1
CCNE1,TFDP1,1
ABCB1,EGR1,1
ABCB1,ETS1,1
BCAR1,EGR1,1
ENG,ERG,1
ERG,ERG,1
ERG,TAL1,1
GP6,GATA1,1
TFF1,ESR2,1
CDKN1A,ESR1,1
CDH17,CDX2,1
ZEB1,SALL4,1
ST3GAL1,MYC,1
MEP1A,CDX2,1
STAT1,CREB5,-1
CSRP1,REL,1
ABCB1,HIF1A,1
CXCR4,SNAI2,1
TBXAS1,TP53,-1
MYC,SMAD3,-1
SRPX,TWIST1,-1
NOTCH1,TCF3,1
VDR,SNAI2,-1
ABCC6,SOX2,1
CDK6,MYC,1
PPARG,E2F1,1
PTGES,EGR1,1
SLC4A2,EGR1,1
SOD1,EGR1,1
MUC4,CREB1,1
MUC4,STAT1,1
PER2,CEBPA,1
CYP19A1,FOXL2,-1
SFTPB,FOXA1,1
ISYNA1,E2F1,1
CHGA,EGR1,1
ATM,E2F1,1
DICER1,SOX4,1
VWF,ERG,1
MEF2C,TAL1,1
MMP9,ETS1,1
SIAH1,TP53,1
AFP,TP53,-1
VLDLR,HIC1,-1
FSHB,LHX3,1
CTCF,NFKB1,-1
HBB,KLF1,1
THBD,KLF4,1
NT5E,HIF1A,1
FMR1,USF1,1
SOX2,POU5F1,1
ABCG2,PPARG,1
POU5F1,PRDM14,1
CDC25A,MYC,1
PERP,TP63,1
UGT1A1,HNF1A,1
NPPA,TBX5,1
JUN,MEF2C,1
EGFR,TP53,1
CTSD,TP53,1
MGMT,TP53,-1
NLRC4,TP53,1
VCAN,TP53,1
CNN1,SRF,1
NR4A3,CREB1,1
FOS,ARNT,-1
DDIT4,ATF4,1
G6PC,FOXO3,1
G6PC,FOXO4,1
ABCB1,JUN,1
CDKN2D,FOXO1,1
ELANE,LEF1,1
PTCH1,GLI3,1
BEST1,MITF,1
DCT,MITF,1
PMEL,MITF,1
MLANA,MITF,1
SERPINF1,MITF,1
TYRP1,MITF,1
PIM1,STAT5A,1
ADAM10,SP1,1
POU1F1,LHX4,1
CDKN2A,TBX2,-1
NCF2,IRF8,1
MYH9,USF2,1
NR2F1,TWIST2,1
THBD,NFKB1,-1
LITAF,BCL6,-1
SFTPD,CEBPB,1
SFTPD,CEBPG,1
KRT16,JUN,1
THBD,KLF2,1
CCND1,LEF1,1
ERG,LYL1,1
MTA3,MTA1,-1
GATA4,NANOG,-1
PTPN6,PKNOX1,1
ID2,POU5F1,-1
LEFTY1,POU5F1,1
NRXN1,TCF4,1
CFLAR,RUNX3,-1
CRABP2,TFAP2C,1
ECM1,TFAP2C,1
RRM1,TFDP1,1
TYMS,TFDP1,1
MMP2,TWIST1,1
CTSD,USF2,1
CITED2,FOXO3,1
PRKCA,ELK1,1
LAMB1,NANOG,-1
NKX3-1,AR,1
AR,NKX3-1,-1
SPRR2A,ELF3,1
RARRES1,CTCF,1
MCPH1,E2F1,1
PCNA,E2F1,1
RASGEF1B,E2F1,1
RASGRP1,E2F1,1
ICAM1,ERG,-1
CD8A,ETS1,1
GP6,ETS1,1
MLH1,TP53,1
PMS2,TP53,1
VIM,ETV4,1
TRAF1,RELA,1
BIRC2,NFKB1,1
CDKN2D,FOXO3,1
PCK1,FOXO1,1
ERG,GATA3,1
IL4,GATA3,1
GRHL2,ZEB1,-1
CD2AP,E2F1,1
EPO,HIF1A,1
EPHA2,HIC1,-1
PHGDH,HOXA10,-1
TCF4,HOXB13,-1
TRAF2,RELA,1
IL4,POU2F1,-1
IL4,TBX21,-1
HSD3B2,NR5A1,1
STAR,NR5A1,1
FMR1,USF2,1
GCG,PAX6,1
GNRH1,POU3F2,1
TDGF1,POU5F1,1
IL17A,RORC,1
TAP1,IRF2,1
CDH1,ZEB1,-1
TLR3,STAT1,1
KRT17,STAT1,1
SLC26A4,STAT6,1
F12,ESR1,1
CDH1,SNAI2,-1
MDM2,TFAP4,-1
OCA2,MITF,1
BBC3,TCF3,-1
FGF2,TP53,-1
THBS1,TP53,1
BBC3,TP73,1
PPARG,ESR1,-1
PMAIP1,TP73,1
SRPX,TWIST2,-1
MYH9,USF1,1
IFNB1,IRF3,1
IFNA1,IRF7,1
JAG1,SNAI2,1
GDF15,EGR1,1
ERBB3,AR,1
MECOM,RUNX1,1
ICAM2,ERG,1
VIM,ERG,1
FASLG,FOXO3,1
CCNA1,RARA,-1
FGF21,ATF4,1
CDKL5,MEF2C,1
MYC,SMAD4,-1
CDH17,HNF1A,1
CRABP2,TFAP2A,1
FOS,TWIST1,1
POMGNT1,ZNF202,-1
LTF,CEBPE,1
NR2F1,TWIST1,1
SLC26A3,ETS1,1
MUC4,E2F1,1
MMP13,RUNX2,1
CDKN1A,SOX9,1
CCNA2,MYC,1
ESR1,DNMT1,-1
HIC1,E2F1,1
E2F1,HIC1,-1
CYP2B6,EGR1,1
FAS,EGR1,-1
ABCB1,TCF4,1
SULT1E1,TFAP2C,1
FABP4,PPARG,1
PLAT,ATF2,1
CIITA,PRDM1,-1
MYC,PRDM1,-1
SFTPD,CEBPA,1
AR,FOXA1,-1
DST,IRF1,-1
PCSK2,EGR1,1
SIRT1,FOXL2,1
CYP19A1,FOS,1
IL10,CEBPB,1
IL10,ATF1,1
HES6,ATOH1,1
HSD11B2,EGR1,-1
CSRP1,CEBPB,1
MPL,FLI1,1
LOR,SP3,-1
JUN,NR3C1,-1
NR3C1,JUN,1
ERG,FLI1,1
GP6,FLI1,1
GP9,FLI1,1
ABCB4,NR1H4,1
HSD3B2,NR4A1,1
CYP11B2,NR5A1,-1
FXYD2,HNF1B,1
KRT7,FOXA1,1
PCK2,RELA,-1
PRAME,SOX9,-1
CYP27A1,SP1,1
S100A10,STAT1,1
MMP13,STAT1,-1
LIN28B,TBP,1
CDKN2A,TBX5,1
GATA4,NKX2-5,1
ABCG5,HNF4A,-1
ABCB1,TP53,-1
NEUROD1,NEUROG3,1
ABCG8,HNF4A,-1
CTSD,USF1,1
GATA5,USF1,1
CDX2,POU5F1,-1
PTCH1,GLI1,1
FLG,HOPX,1
GCK,USF1,1
CYP27A1,SP3,1
TNF,IRF5,1
AKT1,AR,1
DDT,AR,1
KLK2,AR,1
KLK4,AR,1
KRT18,AR,1
MUC1,AR,-1
PGC,AR,1
PTGS2,AR,-1
RELA,AR,-1
AR,RELA,-1
SCAP,AR,1
VEGFA,AR,1
BHLHE40,ARNTL,1
CRY1,ARNTL,1
CRY2,ARNTL,1
PER1,ARNTL,1
PER2,ARNTL,1
PER3,ARNTL,1
SERPINE1,ARNTL2,1
CCNA1,ATF1,-1
CFTR,ATF1,1
MAP1LC3B,ATF1,1
SLC20A1,ATF1,1
APOC3,ATF2,1
CCND1,ATF2,1
IFNB1,ATF2,1
INS,ATF2,1
JUN,ATF2,1
MMP2,ATF2,1
PCK1,ATF2,1
TGFB2,ATF2,-1
TNF,ATF2,1
DDIT3,ATF3,1
DDIT3,ATF3,1
GCLC,ATF3,-1
ID1,ATF3,-1
SELE,ATF3,-1
ATF3,ATF4,1
CHAC1,ATF4,1
DDIT3,ATF4,1
DDIT3,ATF4,1
DDR2,ATF4,1
HRK,ATF4,1
TRIB3,ATF4,1
VEGFA,ATF4,1
CALR,ATF6,1
DNAJC3,ATF6,1
HSP90B1,ATF6,1
RTN3,ATF6,1
SEL1L,ATF6,1
BCL6,BCL6,-1
CCND2,BCL6,-1
HDAC7,BCL6,-1
IRF4,BCL6,-1
BCL6,IRF4,-1
PPARG,CDX1,1
AXIN2,CDX2,1
CFTR,CDX2,1
KLF4,CDX2,1
SLC15A1,CDX2,1
ALB,CEBPA,1
APOB,CEBPA,1
BCL2,CEBPA,1
CDKN1A,CEBPA,1
CRMP1,CEBPA,1
CSF3R,CEBPA,1
ELANE,CEBPA,1
GLS2,CEBPA,1
HSD17B11,CEBPA,1
HSPA4,CEBPA,1
IGF1,CEBPA,1
INSR,CEBPA,1
ITGAX,CEBPA,1
LEP,CEBPA,1
PPARG,CEBPA,1
SAA1,CEBPA,1
SCD,CEBPA,1
SERPINC1,CEBPA,1
SOCS3,CEBPA,1
CDKN1A,CEBPB,1
FURIN,CEBPB,1
HP,CEBPB,1
IGF2,CEBPB,1
IL1B,CEBPB,1
IL4,CEBPB,1
IL6,CEBPB,1
INSR,CEBPB,1
SAA1,CEBPB,1
SAA2,CEBPB,1
SLC10A1,CEBPB,1
XBP1,CEBPB,1
CYP19A1,CEBPD,-1
POU5F1,CEBPD,1
GATA1,CEBPE,-1
MYC,CEBPE,-1
SPI1,CEBPE,-1
BHLHE40,CLOCK,1
BHLHE41,CLOCK,1
CRY1,CLOCK,1
CRY2,CLOCK,1
PER1,CLOCK,1
PER2,CLOCK,1
PER3,CLOCK,1
BDNF,CREB1,1
CD4,CREB1,1
CDK11A,CREB1,1
CYP19A1,CREB1,1
ETV3,CREB1,1
HMOX1,CREB1,-1
IL2,CREB1,1
IL6,CREB1,1
JUN,CREB1,-1
MITF,CREB1,1
PPP2CA,CREB1,1
PSEN1,CREB1,1
PTGS2,CREB1,1
SLC20A1,CREB1,1
SLC1A4,CREB3L1,-1
CCNA2,CREM,-1
DUSP1,CREM,-1
ACTR3,CTCF,-1
AKT1,CTCF,-1
ALDH1A3,CTCF,-1
BCL2L14,CTCF,-1
COMMD2,CTCF,-1
EPX,CTCF,1
ESRP2,CTCF,-1
MMP10,CTCF,-1
NPC1,CTCF,-1
PAGE4,CTCF,-1
RBM39,CTCF,-1
RBMS3,CTCF,-1
S100Z,CTCF,-1
STAB2,CTCF,-1
TRO,CTCF,-1
ZNF462,CTCF,-1
ZNF763,CTCF,-1
TRIB3,DDIT3,1
MSH2,DNMT1,1
TIMP3,DNMT1,-1
ATG10,E2F1,1
AURKA,E2F1,1
AXIN2,E2F1,1
B4GALT1,E2F1,1
BBC3,E2F1,1
BIN1,E2F1,1
BIRC5,E2F1,1
BMI1,E2F1,1
CASP7,E2F1,1
CCNA2,E2F1,1
CCND1,E2F1,1
CDAN1,E2F1,1
CDC45,E2F1,1
CDC6,E2F1,1
CDCA7,E2F1,1
CDKN1A,E2F1,1
CDKN1C,E2F1,1
CDKN2A,E2F1,1
CDKN2A,E2F1,1
YBX3,E2F1,1
CTNND2,E2F1,1
DAPK2,E2F1,1
DNMT1,E2F1,1
DRAM1,E2F1,1
E2F1,E2F6,-1
E2F6,E2F1,1
ERCC1,E2F1,1
ETV4,E2F1,1
FANCD2,E2F1,1
FBXO43,E2F1,1
FBXO5,E2F1,1
FHIT,E2F1,-1
FLT1,E2F1,1
FOXM1,E2F1,1
GMNN,E2F1,1
HELLS,E2F1,1
HMGA1,E2F1,1
IRF3,E2F1,-1
JUN,E2F1,1
KDR,E2F1,1
KIF2C,E2F1,1
KIR3DL1,E2F1,1
MAP1LC3A,E2F1,1
MAP1LC3B,E2F1,1
MAPK1,E2F1,1
MCM10,E2F1,1
MCM5,E2F1,1
MCM6,E2F1,1
MCM7,E2F1,1
MCM8,E2F1,1
MDM2,E2F1,-1
MEFV,E2F1,1
NCOA3,E2F1,1
NPAT,E2F1,1
PCSK6,E2F1,1
PDK4,E2F1,1
PLK1,E2F1,1
PLK4,E2F1,1
PNRC2,E2F1,-1
POLD1,E2F1,1
POLE2,E2F1,1
PPP1R13B,E2F1,1
PTPRO,E2F1,1
RBM38,E2F1,1
SERPINE1,E2F1,-1
SIAH1,E2F1,1
SP3,E2F1,-1
TERT,E2F1,-1
THBS1,E2F1,1
TK1,E2F1,1
TOP1,E2F1,1
TOP2A,E2F1,1
E2F1,TP53,-1
TP53,E2F1,1
ULK1,E2F1,1
VEGFA,E2F1,-1
WWOX,E2F1,-1
XRCC1,E2F1,1
ZEB1,E2F1,1
ZNF350,E2F1,-1
ASF1B,E2F2,1
CDC6,E2F2,1
CDCA4,E2F2,1
CDCA7,E2F2,1
CDT1,E2F2,1
E2F1,E2F2,1
MCM10,E2F2,1
MCM5,E2F2,1
MCM6,E2F2,1
MCM7,E2F2,1
PLK1,E2F2,1
PLK4,E2F2,1
AURKA,E2F3,1
CDC6,E2F3,1
CDKN1A,E2F3,1
MCM5,E2F3,1
MCM6,E2F3,1
MCM7,E2F3,1
PLK1,E2F3,1
TP53BP2,E2F3,1
CCND1,E2F4,1
CDKN2C,E2F4,1
GMNN,E2F4,1
HCFC1,E2F4,1
IKBKG,E2F4,-1
JUN,E2F4,1
KATNAL1,E2F4,-1
LUC7L,E2F4,-1
MCM10,E2F4,-1
NPAT,E2F4,1
APAF1,E2F6,-1
DEPDC5,E2F6,-1
RBBP8,E2F6,-1
E2F1,E2F8,-1
ACE,EGR1,1
APOA1,EGR1,1
AR,EGR1,-1
CAT,EGR1,1
CD44,EGR1,1
CDK5R1,EGR1,1
COL2A1,EGR1,-1
EGFR,EGR1,1
EP300,EGR1,1
FGF2,EGR1,1
IL2,EGR1,1
IL3,EGR1,1
IL6,EGR1,-1
LHB,EGR1,1
LMTK2,EGR1,1
MMP14,EGR1,1
EGR1,NFKB1,-1
PDGFB,EGR1,1
PDGFC,EGR1,1
PLAU,EGR1,1
PLAUR,EGR1,1
PTEN,EGR1,1
PTGS2,EGR1,-1
RBL2,EGR1,1
RELA,EGR1,-1
EGR1,RELA,-1
STIM1,EGR1,1
SYN1,EGR1,1
TCF4,EGR1,1
TMPO,EGR1,1
TMPO,EGR1,1
TNF,EGR1,1
TP53,EGR1,1
UBE2S,EGR1,1
FASLG,EGR2,-1
SPRR1B,EHF,1
MEIS1,ELF1,1
FOSL1,ELK1,1
PSEN1,ELK1,1
FLT1,EPAS1,1
ETS2,ERF,-1
FGF2,ERG,-1
BLM,ESR1,1
CDKN1B,ESR1,-1
CRHBP,ESR1,1
CTNNB1,ESR1,-1
CYP19A1,ESR1,1
E2F1,ESR1,1
JUN,ESR1,1
JUNB,ESR1,1
NQO1,ESR1,-1
PLAC1,ESR1,1
PTMA,ESR1,-1
SERPINE1,ESR1,1
TAC3,ESR1,1
TP53,ESR1,-1
UGT2B15,ESR1,1
SERPINE1,ESR2,-1
NR2F6,ESRRA,-1
ANPEP,ETS1,1
BMP4,ETS1,1
CASP8,ETS1,1
CCND1,ETS1,1
CD3D,ETS1,1
CSF2,ETS1,1
CSF3R,ETS1,1
CSNK2A1,ETS1,1
ERG,ETS1,1
FAS,ETS1,1
FLI1,ETS1,1
FLT1,ETS1,1
FOXD1,ETS1,1
GP5,ETS1,1
GP9,ETS1,1
GRPR,ETS1,1
IL2,ETS1,-1
IL2RB,ETS1,1
IL3,ETS1,1
IL5,ETS1,1
CIP2A,ETS1,1
LCK,ETS1,1
MCL1,ETS1,1
MDM2,ETS1,-1
MET,ETS1,1
MGAT5,ETS1,1
MMP1,ETS1,1
MPL,ETS1,1
NDRG1,ETS1,-1
PARP1,ETS1,1
PF4,ETS1,1
PRL,ETS1,1
PSEN1,ETS1,1
PTHLH,ETS1,1
RAD51,ETS1,1
RUNX1,ETS1,1
TERT,ETS1,-1
ETS1,TFAP2A,1
TFAP2A,ETS1,1
TGFBR2,ETS1,1
TIMP1,ETS1,-1
TNC,ETS1,1
TNFSF14,ETS1,1
ZNF175,ETS1,1
ANGPT2,ETS2,1
ANPEP,ETS2,1
CGA,ETS2,1
CHRNE,ETS2,1
CSF2,ETS2,1
CSF3R,ETS2,1
ERG,ETS2,1
FLI1,ETS2,1
ICAM1,ETS2,1
IL5,ETS2,1
MDM2,ETS2,1
MMP9,ETS2,1
MSR1,ETS2,1
PSEN1,ETS2,1
PTHLH,ETS2,1
NFKB1,ETV3,-1
ERBB2,ETV4,-1
MMP7,ETV4,1
MUC4,ETV4,1
PTGS2,ETV4,1
EYA3,FLI1,1
ID2,FLI1,1
IGFBP3,FLI1,-1
TERT,FLI1,1
TGFBR2,FLI1,1
CCND1,FOS,-1
DDIT3,FOS,1
DDIT3,FOS,1
ERCC4,FOS,1
EZR,FOS,1
FAS,FOS,1
FOS,FOS,-1
HSPH1,FOS,1
MMP9,FOS,1
MYC,FOS,-1
NEFL,FOS,1
NFKB1,FOS,-1
NOS2,FOS,1
SMAD7,FOS,1
SP3,FOS,1
SRR,FOS,1
BCL6,FOSL2,1
CCR4,FOSL2,1
FOSL1,FOSL2,1
MMP13,FOSL2,1
NOS2,FOSL2,1
ABCA1,FOXA1,-1
CFTR,FOXA1,-1
NF1,FOXA1,1
RPRM,FOXA1,-1
CFTR,FOXA2,-1
PDX1,FOXA2,1
ZNF175,FOXD3,-1
CCNB1,FOXM1,1
CDC25B,FOXM1,1
CDC6,FOXM1,1
ABCB1,FOXO1,1
AGRP,FOXO1,1
CCNB1,FOXO1,-1
CCNB2,FOXO1,-1
CCND1,FOXO1,-1
CCND2,FOXO1,-1
CCNG2,FOXO1,1
CDKN1A,FOXO1,1
CDKN1B,FOXO1,1
CDKN1C,FOXO1,1
CNOT8,FOXO1,1
CNR1,FOXO1,-1
DAAM1,FOXO1,1
DAPK1,FOXO1,1
DUSP4,FOXO1,-1
KLF2,FOXO1,1
MCM5,FOXO1,-1
PDK4,FOXO1,1
RPS6KA3,FOXO1,1
TIMP3,FOXO1,-1
TMEM47,FOXO1,1
TNFSF10,FOXO1,1
TXNIP,FOXO1,-1
BNIP3L,FOXO3,1
CBLB,FOXO3,1
CCND1,FOXO3,-1
CCND2,FOXO3,-1
FOXO1,FOXO3,1
GADD45A,FOXO3,1
GALT,FOXO3,1
HBP1,FOXO3,1
JAK1,FOXO3,1
PINK1,FOXO3,1
PLAU,FOXO3,-1
SIRT1,FOXO3,1
PPARGC1A,FOXO4,1
SOD2,FOXO4,1
TNFSF10,FOXO4,1
MET,FOXP2,-1
IL2,FOXP3,-1
ALAS2,GATA1,1
PF4,GATA1,1
APEX1,GATA2,-1
AR,GATA2,1
CCM2,GATA2,-1
EFCAB2,GATA2,-1
FCER1A,GATA2,1
GULP1,GATA2,-1
MS4A2,GATA2,1
PNPLA8,GATA2,-1
TGFB2,GATA2,-1
CDH1,GATA3,1
CDX2,GATA3,1
FOXC1,GATA3,-1
IL12RB2,GATA3,-1
ZEB1,GATA3,1
NPPA,GATA4,1
BCL2,GLI1,1
EGR2,GLI1,-1
IGFBP6,GLI1,1
SFRP1,GLI1,1
SLIT2,GLI1,-1
BCL2,GLI2,1
COL5A2,GLI2,1
EFEMP1,GLI2,-1
FAS,GLI2,-1
FGF13,GLI2,1
FOXE1,GLI2,1
FST,GLI2,1
GLI1,GLI2,1
IFNGR1,GLI2,-1
LUM,GLI2,-1
PCNA,GLI2,1
PTCH1,GLI2,1
UGCG,GLI2,-1
WNT2B,GLI2,1
PTCH2,GLI3,1
MIF,HBP1,-1
NCF1,HBP1,-1
RUNX1,HBP1,1
DBF4,HES1,1
KDR,HEY1,-1
ACTA2,HEY2,-1
GATA6,HEY2,-1
HNF4A,HHEX,1
ADM,HIF1A,1
BAX,HIF1A,1
BNIP3,HIF1A,1
CCND1,HIF1A,-1
CXCR4,HIF1A,1
E2F3,HIF1A,1
EDN1,HIF1A,1
EDNRB,HIF1A,1
ID2,HIF1A,1
ITGB2,HIF1A,1
KLK3,HIF1A,1
LEP,HIF1A,1
NR4A1,HIF1A,1
PFKL,HIF1A,1
RORA,HIF1A,1
SOCS1,HIF1A,1
TERT,HIF1A,1
TFRC,HIF1A,1
TGFB3,HIF1A,1
TIMP1,HIF1A,1
TP53,HIF1A,1
ZNF217,HIF1A,1
DBP,HLF,1
RUNX1,HLF,-1
CDC25A,HMGA1,1
APOH,HNF1A,1
FGL1,HNF1A,1
CEACAM1,HNF4A,1
EBP,HNF4A,1
MYC,HNF4A,1
CYP2D6,HNF4G,1
FGF2,HOXB7,1
HOXD9,HOXD9,1
NAT1,HSF1,1
MAP2K4,HSF2,-1
MAPK8,HSF2,-1
CASP7,IRF1,1
CD40,IRF1,1
CDK2,IRF1,-1
CIITA,IRF1,1
CXCL10,IRF1,1
DDX58,IRF1,1
EIF2AK2,IRF1,1
FOXP3,IRF1,-1
HLA-A,IRF1,1
IFIT3,IRF1,1
IFNA1,IRF1,1
IFNB1,IRF1,1
IL27,IRF1,1
IRF2,IRF1,1
TNFSF10,IRF1,1
CIITA,IRF2,1
CXCL10,IRF3,1
PURA,IRF3,-1
CXCL10,IRF7,1
IFNA2,IRF7,1
IFNB1,IRF7,1
NF1,IRF8,1
TLR3,IRF8,-1
IFIT3,IRF9,1
IL27,IRF9,-1
PML,IRF9,1
BDKRB1,JUN,1
CCL5,JUN,1
CD82,JUN,1
CDKN1A,JUN,-1
CHGA,JUN,1
CTSL,JUN,1
EGFR,JUN,1
ETS1,JUN,1
FAS,JUN,1
FOSL1,JUN,1
GJA1,JUN,1
GNRHR,JUN,1
HEY1,JUN,1
IL12B,JUN,1
IL5RA,JUN,1
IL6,JUN,1
IVL,JUN,1
LBP,JUN,-1
MAT2A,JUN,1
MMP2,JUN,1
MMP3,JUN,1
MMP7,JUN,1
MYB,JUN,1
NOS2,JUN,1
NOX5,JUN,1
PENK,JUN,1
PLAT,JUN,1
PTN,JUN,1
PTX3,JUN,1
RARB,JUN,1
REN,JUN,1
RHOB,JUN,1
SMAD7,JUN,1
SPP1,JUN,1
SPRR1A,JUN,1
SPRR1B,JUN,1
STMN1,JUN,1
TFPI2,JUN,1
TGFB1,JUN,1
TNC,JUN,1
TNF,JUN,1
VCAM1,JUN,1
VDR,JUN,1
EGFR,JUNB,1
CCR4,JUND,1
FOSL1,JUND,1
ITGAV,JUND,-1
MMP13,JUND,1
NOS2,JUND,1
SOX4,JUND,1
TGFB1,JUND,1
HOXA9,KAT6A,1
CDKN1A,KLF10,1
KLF12,TFAP2A,-1
TFAP2A,KLF12,-1
NOS3,KLF2,1
ATF3,KLF4,1
CDH1,KLF4,1
LAMA3,KLF4,1
NANOG,KLF4,1
PFKP,KLF4,1
RARA,KLF4,-1
VDR,KLF4,-1
FASN,KLF5,1
FGFBP1,KLF5,1
NOTCH1,KLF5,1
ATF3,KLF6,1
DAPK2,KLF6,1
LTC4S,KLF6,1
BIRC5,LEF1,1
CD1D,LEF1,-1
CDX1,LEF1,1
CLDN2,LEF1,1
DCT,LEF1,1
DSP,LEF1,-1
MITF,LEF1,1
MMP7,LEF1,1
MYCBP,LEF1,1
NRCAM,LEF1,1
TBXT,LEF1,1
IL4,MAF,1
MMP1,MAZ,1
SETDB1,MBD1,-1
CPT1B,MEF2C,1
NR4A1,MEF2C,-1
ATF3,MEF2D,1
MEF2D,JUN,1
JUN,MEF2D,1
ACP5,MITF,1
APEX1,MITF,1
BCL2,MITF,1
BCL2A1,MITF,-1
CDK2,MITF,1
CDKN2A,MITF,-1
CDKN2A,MITF,-1
CLCN7,MITF,1
CTSK,MITF,1
DIAPH1,MITF,1
FOS,MITF,1
GPNMB,MITF,1
GPR143,MITF,1
HIF1A,MITF,1
KIT,MITF,1
MET,MITF,1
PPARGC1A,MITF,1
RAB27A,MITF,1
SNAI2,MITF,1
TRPM1,MITF,1
IL10,MSC,1
MMP2,MSC,1
BCAS3,MTA1,1
BCL2,MYB,1
CD4,MYB,-1
COL1A1,MYB,1
GSTM1,MYB,1
LCK,MYB,1
MAT2A,MYB,1
MYC,MYB,1
SP3,MYB,1
TK1,MYB,1
ASS1,MYC,1
CFLAR,MYC,-1
CKS2,MYC,1
DUSP1,MYC,-1
FASLG,MYC,1
HDAC2,MYC,1
HERC5,MYC,1
HSPA4,MYC,1
LAMP1,MYC,-1
MNT,MYC,1
MSH2,MYC,1
NDRG1,MYC,-1
PCNA,MYC,1
PMAIP1,MYC,1
PPIF,MYC,1
RPL6,MYC,1
RPS20,MYC,1
SCARB1,MYC,1
SNRPD3,MYC,1
TFAP4,MYC,1
TRAP1,MYC,1
VEGFA,MYC,1
MXI1,MYCN,-1
NDRG1,MYCN,1
KDR,NANOG,1
L1TD1,NANOG,1
IGFBP3,NCOR1,-1
IL5,NFATC1,1
MTHFR,NFE2L2,1
C4BPB,NFIC,1
CYP1A1,NFIC,-1
HMGB1,NFIC,1
ITGA5,NFIC,-1
MATN1,NFIC,-1
SLC34A2,NFIC,1
SMUG1,NFIC,1
ABCB1,NFKB1,1
ADORA1,NFKB1,1
AGER,NFKB1,1
AKT1,NFKB1,-1
AMH,NFKB1,1
BCL2,NFKB1,1
BCL2L1,NFKB1,1
BCL3,NFKB1,1
NFKB1,BCL3,-1
BIRC5,NFKB1,1
CCL5,NFKB1,1
CCND1,NFKB1,1
CCND2,NFKB1,1
CD58,NFKB1,1
CDK4,NFKB1,1
CFTR,NFKB1,1
COL1A1,NFKB1,-1
CSF1,NFKB1,1
CSNK2A1,NFKB1,1
CTSB,NFKB1,1
CXCL1,NFKB1,1
CXCL10,NFKB1,1
CXCL3,NFKB1,1
CYP19A1,NFKB1,-1
ELF3,NFKB1,1
F3,NFKB1,1
FAS,NFKB1,1
FASLG,NFKB1,1
FBP1,NFKB1,1
VEGFD,NFKB1,1
FN1,NFKB1,-1
GSTP1,NFKB1,1
HMOX1,NFKB1,1
HSD11B2,NFKB1,1
IFNB1,NFKB1,1
IL10,NFKB1,1
IL12A,NFKB1,1
IL18,NFKB1,1
IL1A,NFKB1,-1
IL1B,NFKB1,1
IL23A,NFKB1,1
IL2RA,NFKB1,1
IL6,NFKB1,1
IRF4,NFKB1,1
LPL,NFKB1,1
MAT2A,NFKB1,1
MMP13,NFKB1,1
MMP14,NFKB1,1
MMP2,NFKB1,1
MYC,NFKB1,1
NOD2,NFKB1,1
NOLC1,NFKB1,1
NOS1,NFKB1,1
NOS2,NFKB1,1
PDGFB,NFKB1,1
PLAU,NFKB1,1
PTAFR,NFKB1,1
PTGS2,NFKB1,1
RIPK2,NFKB1,1
SAA2,NFKB1,1
SERPINB1,NFKB1,1
SERPINE1,NFKB1,1
SOD2,NFKB1,1
TFF3,NFKB1,1
TIMP1,NFKB1,-1
TLR2,NFKB1,1
TNFRSF10B,NFKB1,1
TNFSF10,NFKB1,1
TRAF2,NFKB1,1
VEGFA,NFKB1,1
XIAP,NFKB1,1
CCL21,NFKB2,1
CCND2,NFKB2,1
CDK6,NFKB2,1
CXCL8,NFKB2,1
SELP,NFKB2,1
SND1,NFKB2,1
ICAM1,NFKBIA,-1
IL1B,NFKBIA,-1
PON2,NFKBIA,1
RELA,NFKBIA,-1
NFKBIA,RELA,1
FDPS,NFYA,1
FXR2,NFYA,1
FXR2,NFYB,1
NR1H4,NR0B1,-1
NR5A1,NR0B1,-1
NR0B1,NR5A1,1
ABCA1,NR1H2,1
ABCG1,NR1H2,1
BHLHE40,NR1H2,1
SREBF1,NR1H2,1
ABCA1,NR1H3,1
APOE,NR1H3,1
BHLHE40,NR1H3,1
SREBF1,NR1H3,1
ABCC4,NR1H4,-1
NR1I2,NR1H4,1
PAX2,NR2E1,-1
PLCE1,NR2E1,-1
AGT,NR2F1,-1
APOA2,NR2F1,-1
CYP19A1,NR2F1,-1
LHCGR,NR2F1,-1
APOA2,NR2F2,-1
HNF4A,NR2F2,-1
POU5F1,NR2F2,-1
LHCGR,NR2F6,-1
ATF2,NR3C1,-1
CDK6,NR3C1,-1
ETS1,NR3C1,-1
MDM2,NR4A1,-1
AMH,NR5A1,1
AMHR2,NR5A1,1
CYP11A1,NR5A1,1
CYP17A1,NR5A1,1
CYP21A2,NR5A1,1
LHB,NR5A1,-1
POU5F1,NR5A1,1
SRY,NR5A1,1
CAPNS1,NRF1,1
PRDX5,NRF1,1
TP53,PAX2,-1
PAX2,WT1,-1
BCL2L1,PAX3,1
MITF,PAX3,1
INS,PAX4,-1
BCL2,PAX5,-1
BLK,PAX5,-1
PAX5,TP53,1
TP53,PAX5,1
MET,PAX6,1
PCSK1,PAX6,1
PDHX,PAX6,-1
E2F1,PAX8,1
NCAM1,PAX8,1
TP53,PAX8,-1
TSHR,PAX8,-1
NANOG,PBX1,1
VCP,PBX1,1
INS,PDX1,1
CYP19A1,PGR,-1
HLTF,PGR,1
FSHB,PITX1,1
PRL,PITX1,1
FSHB,PITX2,1
GHR,POU1F1,1
CCND1,POU2F1,1
GADD45A,POU2F1,1
ANGPTL4,PPARA,1
APOB,PPARA,1
APOBR,PPARA,-1
APOC3,PPARA,-1
FABP3,PPARA,1
FADS2,PPARA,1
LPL,PPARA,1
MMP9,PPARA,-1
NFKBIA,PPARA,1
PANK1,PPARA,1
PTGS2,PPARA,1
SERPINE1,PPARA,1
TUBA1B,PPARA,-1
UCP1,PPARA,-1
ANGPTL4,PPARD,-1
LPL,PPARD,1
ADIPOQ,PPARG,1
ANGPTL4,PPARG,1
APOB,PPARG,-1
APOBR,PPARG,-1
CCND1,PPARG,-1
CD36,PPARG,1
CD83,PPARG,1
CDKN1A,PPARG,1
CPT1B,PPARG,1
EGFR,PPARG,-1
GK,PPARG,1
LIPE,PPARG,1
MMP9,PPARG,-1
MYC,PPARG,-1
NR1D1,PPARG,1
PLIN2,PPARG,1
POU2F1,PPARG,1
PTEN,PPARG,1
PTGS2,PPARG,-1
RARB,PPARG,1
RETN,PPARG,1
SLC2A4,PPARG,-1
TSHR,PPARG,-1
VLDLR,PPARG,1
CYP7A1,PROX1,-1
NR5A2,PROX1,-1
CDKN1A,RARA,1
ICAM1,RARA,1
MACROD1,RARA,-1
MUC5AC,RARA,-1
PRKCA,RARA,1
SCD,RARA,1
THBD,RARA,1
ICAM1,RARG,1
FCER2,RBPJ,1
HES1,RBPJ,1
HEY1,RBPJ,1
HEY2,RBPJ,1
BIRC3,REL,1
CSF2,REL,1
IL1B,REL,1
IL2RA,REL,1
IL6,REL,-1
TNFAIP3,REL,1
ABCB1,RELA,1
AGER,RELA,1
AKT1,RELA,-1
AMH,RELA,1
BAX,RELA,-1
BCL2,RELA,1
BCL2L1,RELA,1
BCL3,RELA,1
BIRC2,RELA,1
BIRC5,RELA,1
CCL20,RELA,1
CCL3,RELA,1
CCL5,RELA,1
CD40,RELA,1
CD58,RELA,1
CD83,RELA,1
CD86,RELA,1
CDK4,RELA,1
CDK6,RELA,1
CDKN1A,RELA,1
CFLAR,RELA,1
CFTR,RELA,1
COL1A1,RELA,-1
COL2A1,RELA,-1
CRHR1,RELA,1
CSF1,RELA,1
CSF2,RELA,1
CTSB,RELA,1
CXCL1,RELA,1
CXCL10,RELA,1
CXCR4,RELA,1
EBI3,RELA,1
EGFR,RELA,1
ELF3,RELA,1
EPAS1,RELA,1
FGF8,RELA,1
VEGFD,RELA,1
FN1,RELA,-1
GATA3,RELA,1
GSTP1,RELA,1
IFNB1,RELA,1
IL12A,RELA,1
IL12B,RELA,1
IL18,RELA,1
IL1A,RELA,-1
IL2,RELA,1
IL23A,RELA,1
IL6,RELA,1
IRF1,RELA,1
IRF4,RELA,1
KLK3,RELA,1
MCL1,RELA,1
MMP14,RELA,1
MMP2,RELA,1
MMP3,RELA,1
MYC,RELA,1
NCAM1,RELA,1
NFKB1,RELA,1
NOLC1,RELA,1
NOS2,RELA,1
OPTN,RELA,1
RELA,PGR,-1
PGR,RELA,-1
PLAUR,RELA,1
PPARD,RELA,-1
PTGS2,RELA,1
PTHLH,RELA,1
RIPK2,RELA,1
S100A6,RELA,1
SAA2,RELA,1
SERPINE1,RELA,1
SLC25A27,RELA,1
SNAI1,RELA,1
SOD2,RELA,1
TBX21,RELA,1
THBD,RELA,-1
TIMP1,RELA,-1
TNC,RELA,1
TNF,RELA,1
TNFAIP3,RELA,1
TNFRSF10B,RELA,1
TP53,RELA,1
TRIB3,RELA,-1
VEGFA,RELA,1
XIAP,RELA,1
ABCB1,RELB,1
CCL19,RELB,1
CCL21,RELB,1
PIGR,RELB,1
KCNQ2,REST,-1
MYC,RFX1,-1
IL2,RUNX1,1
ITGAX,RUNX1,1
LGALS3,RUNX1,1
MAD2L1,RUNX1,-1
LGALS3,RUNX2,1
CASP8,RUNX3,1
ICAM3,RUNX3,-1
MMP9,RUNX3,-1
RUNX1,RUNX3,-1
TCF4,RUNX3,1
ABCC3,RXRA,-1
CPT1B,RXRA,1
SREBF1,RXRA,1
CDKN1A,SMAD1,1
ID3,SMAD1,1
SPP1,SMAD1,1
AHR,SMAD2,1
CYR61,SMAD2,1
TNFRSF11B,SMAD2,1
AHR,SMAD3,1
ANKRD1,SMAD3,1
APOC3,SMAD3,1
BAMBI,SMAD3,1
CCND2,SMAD3,1
CDKN1A,SMAD3,1
COL1A1,SMAD3,1
COL3A1,SMAD3,1
COL6A1,SMAD3,1
COL6A3,SMAD3,1
COL7A1,SMAD3,1
CYP17A1,SMAD3,-1
EDN1,SMAD3,1
EPO,SMAD3,1
GLI2,SMAD3,1
ITGA11,SMAD3,1
JUN,SMAD3,1
MET,SMAD3,1
MMP9,SMAD3,1
PTHLH,SMAD3,1
TERT,SMAD3,-1
TGFB1,SMAD3,-1
TIMP1,SMAD3,1
TNC,SMAD3,1
VEGFA,SMAD3,1
ZFP36,SMAD3,1
AHR,SMAD4,1
APOC3,SMAD4,1
BAMBI,SMAD4,1
BTRC,SMAD4,-1
CDKN1A,SMAD4,1
COL7A1,SMAD4,1
CYR61,SMAD4,1
DACH1,SMAD4,-1
EPO,SMAD4,1
FSHB,SMAD4,1
IHH,SMAD4,1
JUN,SMAD4,1
MET,SMAD4,1
PTHLH,SMAD4,1
RUNX1T1,SMAD4,1
SERPINE1,SMAD4,1
TNC,SMAD4,1
TNFRSF11B,SMAD4,1
ZFP36,SMAD4,1
ID3,SMAD5,1
CDK1,SMAD7,-1
KRT14,SMAD7,-1
MET,SMAD7,-1
TGFBR1,SMAD7,-1
HBEGF,SNAI1,1
THBS1,SNAI1,-1
VDR,SNAI1,-1
COL11A2,SOX10,1
DCT,SOX10,-1
GJB1,SOX10,-1
ISL1,SOX2,-1
NANOG,SOX2,1
NTRK3,SOX2,1
HDAC8,SOX4,1
NCAM1,SOX4,1
TP53,SOX6,1
AMH,SOX9,1
HES1,SOX9,1
MIA,SOX9,1
NKX3-2,SOX9,1
ABCC1,SP1,-1
ADIPOQ,SP1,1
ADRA2B,SP1,1
AHR,SP1,-1
ALOX12,SP1,1
APEX1,SP1,-1
APOE,SP1,1
AR,SP1,1
B4GALT1,SP1,1
CAT,SP1,1
CCL2,SP1,1
CCND2,SP1,1
CD14,SP1,1
CD44,SP1,1
CDC25C,SP1,1
CDK1,SP1,1
CDK6,SP1,-1
CDKN2C,SP1,1
CERS2,SP1,1
CETP,SP1,-1
COL2A1,SP1,1
CREM,SP1,1
CRMP1,SP1,-1
CSNK2A1,SP1,1
CTGF,SP1,1
CYP11A1,SP1,1
CYP17A1,SP1,1
EDNRB,SP1,1
EPO,SP1,1
EPOR,SP1,-1
FAS,SP1,1
FXR2,SP1,1
GJA1,SP1,1
GSTP1,SP1,1
HCN2,SP1,1
HDAC4,SP1,1
HRAS,SP1,1
HSD17B1,SP1,1
HTT,SP1,1
IER3,SP1,1
IGFBP3,SP1,1
INSR,SP1,1
ITGAD,SP1,1
ITGAV,SP1,-1
KIF2C,SP1,1
LDHA,SP1,1
MAT2A,SP1,1
MAT2B,SP1,1
MCL1,SP1,1
MET,SP1,1
MME,SP1,1
MMP11,SP1,1
MMP14,SP1,1
MUC5AC,SP1,1
NFKB1,SP1,1
NR3C1,SP1,1
PAX6,SP1,1
PCNA,SP1,1
POLB,SP1,-1
PPL,SP1,1
PRKCE,SP1,-1
PRSS50,SP1,1
PTGS2,SP1,1
PTTG1,SP1,1
RELA,SP1,1
RORA,SP1,1
SCNN1G,SP1,1
SIGIRR,SP1,1
SLC19A3,SP1,1
SLC25A5,SP1,1
SOCS1,SP1,1
SOD2,SP1,-1
SREBF1,SP1,1
STARD3,SP1,1
TAL1,SP1,1
TGFB1,SP1,1
TGFBR2,SP1,1
TMPO,SP1,1
TMPO,SP1,1
TNFRSF10B,SP1,1
TNFRSF8,SP1,1
TNFSF10,SP1,-1
TNFSF14,SP1,1
TNNC1,SP1,1
TP53,SP1,1
UTRN,SP1,1
WT1,SP1,1
XIAP,SP1,1
YY1,SP1,1
ETS1,SP100,-1
DNMT3B,SP2,1
ABCA1,SP3,-1
CD2AP,SP3,1
COL2A1,SP3,1
DNASE2,SP3,1
ETF1,SP3,-1
F2,SP3,1
HSD17B1,SP3,1
IGFBP3,SP3,1
ITGAD,SP3,1
CNMD,SP3,1
MSH6,SP3,1
SP3,MYC,-1
MYCN,SP3,1
RORA,SP3,1
SLC19A3,SP3,1
UTRN,SP3,1
ERBB2,SP4,1
YY1,SP4,1
AGR2,SPDEF,1
ACP5,SPI1,1
CLEC4G,SPI1,1
CTSE,SPI1,1
FPR1,SPI1,-1
SPI1,GATA1,-1
GATA1,SPI1,1
IL5,SPI1,1
MACROD1,SPI1,-1
CD40,SPIB,1
IRF7,SPIB,-1
HMOX1,SREBF1,1
INSIG1,SREBF1,1
IRS2,SREBF1,-1
NPC1,SREBF1,1
NR0B2,SREBF1,1
PCYT2,SREBF1,1
PIK3R3,SREBF1,1
SCD5,SREBF1,1
SLC2A4,SREBF1,1
SREBF1,SREBF1,1
ABCA1,SREBF2,-1
ACLY,SREBF2,1
EBP,SREBF2,1
INSIG1,SREBF2,1
PCYT2,SREBF2,1
MMP2,SRF,1
SAMD4A,SRF,1
AGFG2,STAT1,-1
CCL3,STAT1,1
CCR1,STAT1,1
CDKN1A,STAT1,1
CEBPE,STAT1,1
CFTR,STAT1,1
FGF2,STAT1,1
FGFR3,STAT1,-1
HCFC1,STAT1,-1
HMOX1,STAT1,1
HSP90AA1,STAT1,-1
IFNA1,STAT1,-1
IFNB1,STAT1,-1
IFNG,STAT1,-1
IL1B,STAT1,1
IL2RA,STAT1,1
IL6,STAT1,-1
JAK2,STAT1,1
LY96,STAT1,1
MMP9,STAT1,-1
MYD88,STAT1,1
NAA35,STAT1,-1
NOX5,STAT1,1
PPARA,STAT1,1
PRF1,STAT1,1
PRKCE,STAT1,-1
PTGS2,STAT1,1
RPS24,STAT1,-1
TP53,STAT1,1
UPP1,STAT1,1
ZNF367,STAT1,-1
CFB,STAT2,1
A2M,STAT3,1
BCL2,STAT3,1
BCL2L1,STAT3,1
CCL2,STAT3,1
CCND3,STAT3,1
CDK4,STAT3,1
CDKN1A,STAT3,1
CISH,STAT3,1
CSRP1,STAT3,1
EGFR,STAT3,1
ESR2,STAT3,1
FAS,STAT3,-1
GFAP,STAT3,1
HIF1A,STAT3,1
HMOX1,STAT3,1
HSPB1,STAT3,1
IFNAR1,STAT3,1
IL21,STAT3,1
IL2RA,STAT3,1
IL6,STAT3,1
IL6ST,STAT3,1
LTBP1,STAT3,-1
MCL1,STAT3,1
MUC4,STAT3,1
MYD88,STAT3,1
NOX5,STAT3,1
OSM,STAT3,1
PGF,STAT3,-1
PIM1,STAT3,1
PRF1,STAT3,1
PTPN13,STAT3,1
S100A11,STAT3,1
SOCS1,STAT3,1
TIMP1,STAT3,1
STAT3,TP53,-1
USP7,STAT3,-1
MYC,STAT4,1
SOCS3,STAT4,-1
BCL2L1,STAT5A,1
BCL6,STAT5A,1
CCND2,STAT5A,-1
IFNG,STAT5A,1
IL6ST,STAT5A,1
LONP1,STAT5A,1
MUC1,STAT5A,1
MYD88,STAT5A,1
OSM,STAT5A,1
PRF1,STAT5A,1
BCL2L1,STAT5B,1
BCL6,STAT5B,1
FCGR1A,STAT5B,1
IL6ST,STAT5B,1
MUC1,STAT5B,1
PRF1,STAT5B,1
ALOX15,STAT6,1
FOS,STAT6,1
IL4,STAT6,1
RHOA,STAT6,1
ALDH1A2,TAL1,1
MYB,TAL1,1
NFKB1,TAL1,-1
CDKN2A,TBX2,-1
CXCR3,TBX21,1
IFNG,TBX21,1
CDKN2A,TBX5,1
BBC3,TCF3,-1
CDK6,TCF3,-1
NRXN1,TCF4,1
VIM,TCF4,1
BCL2,TCF7,1
BIRC5,TCF7,1
LEF1,TCF7,1
ABCB1,TCF7L2,1
AXIN2,TCF7L2,1
BIRC5,TCF7L2,1
CD44,TCF7L2,1
CTNNB1,TCF7L2,1
DKK1,TCF7L2,1
FGF18,TCF7L2,1
GLI2,TCF7L2,1
LEF1,TCF7L2,1
MMP7,TCF7L2,1
SP5,TCF7L2,1
STAT3,TCF7L2,1
TCF7,TCF7L2,1
TNFRSF11B,TCF7L2,1
VIM,TCF7L2,-1
CDKN1A,TFAP2A,1
ERBB2,TFAP2A,1
HGF,TFAP2A,-1
HSD17B1,TFAP2A,-1
KRT5,TFAP2A,1
NR3C1,TFAP2A,1
PRKCA,TFAP2A,1
SLC19A1,TFAP2A,1
CDKN1A,TFAP2C,-1
AKT1,TP53,-1
APAF1,TP53,1
APCS,TP53,1
BAK1,TP53,1
BCL2,TP53,-1
BCL2L1,TP53,1
BCL3,TP53,-1
BDKRB2,TP53,1
BRCA1,TP53,-1
BRCA2,TP53,-1
CAV1,TP53,1
CCNB1,TP53,-1
CCND1,TP53,-1
CHEK1,TP53,-1
CHEK2,TP53,-1
CHUK,TP53,-1
CTNNB1,TP53,-1
DDB1,TP53,1
DDB2,TP53,1
DKK1,TP53,1
DNMT1,TP53,-1
E2F3,TP53,-1
E2F7,TP53,1
ELF4,TP53,-1
TP53,ELF4,-1
EZH2,TP53,-1
FLT1,TP53,1
GML,TP53,1
HIC1,TP53,1
HIPK2,TP53,1
HRAS,TP53,-1
HSP90AB1,TP53,-1
IGF1R,TP53,-1
IGFBP3,TP53,1
INTS7,TP53,-1
KLK3,TP53,-1
LITAF,TP53,1
MAD1L1,TP53,-1
MAP4,TP53,-1
MCM7,TP53,-1
MET,TP53,-1
NFATC4,TP53,-1
NME1,TP53,1
NOS2,TP53,-1
PEG3,TP53,1
PIAS3,TP53,-1
PLK1,TP53,-1
PML,TP53,1
PTPA,TP53,-1
PRKAB1,TP53,1
PRODH,TP53,1
PTEN,TP53,-1
PTTG1,TP53,1
RAD51,TP53,1
RRM2B,TP53,1
SERPINB5,TP53,1
SIVA1,TP53,1
SLC6A6,TP53,-1
SSTR2,TP53,-1
TCF7L2,TP53,-1
TERT,TP53,-1
TGFA,TP53,1
TP53I3,TP53,1
TP53TG5,TP53,1
TP63,TP53,-1
TRIM22,TP53,1
TYMS,TP53,-1
TYRP1,TP53,1
UHRF1,TP53,-1
VEGFA,TP53,-1
WRN,TP53,-1
TCF4,TP63,1
BBC3,TP73,1
TERT,TP73,-1
RUNX2,TRPS1,-1
FOXO1,TSC22D3,-1
FOXO3,TSC22D3,-1
AKT2,TWIST1,1
ESR1,TWIST1,-1
TIMP1,TWIST1,-1
MMP2,TWIST2,1
ABCA1,USF1,1
CD2,USF1,1
CIITA,USF1,1
CXCR4,USF1,1
CYP19A1,USF1,-1
CYP1A1,USF1,-1
PF4,USF1,1
PIGR,USF1,1
PKLR,USF1,1
PTGS2,USF1,-1
SERPINE1,USF1,1
SLC19A1,USF1,1
TERT,USF1,1
TGFB1,USF1,1
ABCA1,USF2,1
APC,USF2,1
ATP5F1A,USF2,1
CD2,USF2,1
CYP19A1,USF2,-1
IGF2R,USF2,1
PDX1,USF2,1
PF4,USF2,1
PIGR,USF2,1
SLC19A1,USF2,1
TGFB1,USF2,1
THBS1,USF2,1
TOP3A,USF2,1
BGLAP,VDR,1
CALB1,VDR,1
CDH1,VDR,1
HOXA10,VDR,1
IL12B,VDR,-1
AMH,WT1,1
AR,WT1,-1
CDH1,WT1,-1
CIAO1,WT1,-1
EGFR,WT1,-1
IGF1,WT1,-1
MYCN,WT1,-1
ODC1,WT1,1
PODXL,WT1,1
SMAD3,WT1,1
TERT,WT1,-1
THBS1,WT1,1
UBE2I,WT1,-1
VDR,WT1,1
KPNA2,YBX1,-1
RBBP8,YBX1,-1
SUMO1,YBX1,-1
APH1A,YY1,1
CREBBP,YY1,-1
CTCF,YY1,1
CXCR4,YY1,-1
DNAJA3,YY1,-1
DNAJB4,YY1,1
EGFR,YY1,1
EPAS1,YY1,-1
ERBB2,YY1,1
FAS,YY1,-1
FGFR1OP,YY1,-1
HNRNPL,YY1,-1
IFNB1,YY1,-1
IL5,YY1,1
IRAK1,YY1,-1
MKLN1,YY1,-1
MRPS10,YY1,-1
MRPS18B,YY1,-1
MYC,YY1,1
NR3C1,YY1,1
PPP2R1A,YY1,-1
RANBP10,YY1,-1
RAVER1,YY1,-1
RPRD2,YY1,-1
SNX27,YY1,-1
SPNS1,YY1,-1
SRP68,YY1,-1
TNFRSF10B,YY1,-1
TP73,YY1,1
PFKP,ZBTB7A,-1
MEOX2,ZEB2,-1
VIM,ZEB2,1
HMGA2,ZNF382,-1
E2F1,IRF1,-1
STAT1,NR3C1,-1
SPI1,RBPJ,1
GATA3,SATB1,1
POU5F1,ZEB2,1
